Workbook

Sheet Datos
A1: Grupo | B1: Edad | C1: Presion sistólica antes | D1: Presión sistólica después | E1: Colesterol total | F1: Diferencia en presión sistólica
A2: 1 | B2: 30 | C2: 126 | D2: 118 | E2: 191
A3: 1 | B3: 25 | C3: 114 | D3: 110 | E3: 181
A4: 1 | B4: 27 | C4: 110 | D4: 110 | E4: 175
A5: 1 | B5: 34 | C5: 108 | D5: 105 | E5: 173
A6: 1 | B6: 35 | C6: 131 | D6: 132 | E6: 200
A7: 1 | B7: 18 | C7: 109 | D7: 110 | E7: 174
A8: 1 | B8: 18 | C8: 121 | D8: 115 | E8: 185
A9: 1 | B9: 22 | C9: 123 | D9: 110 | E9: 188
A10: 1 | B10: 21 | C10: 127 | D10: 122 | E10: 190
A11: 1 | B11: 29 | C11: 128 | D11: 120 | E11: 192
A12: 1 | B12: 26 | C12: 125 | D12: 125 | E12: 190
A13: 1 | B13: 24 | C13: 131 | D13: 128 | E13: 202
... A41: 1 | B41: 31 | C41: 112 | D41: 116 | E41: 180
A42: 2 | B42: 36 | C42: 126 | D42: 124 | E42: 173 | F42: =D42-C42 -> -2
A43: 2 | B43: 61 | C43: 125 | D43: 120 | E43: 181 | F43: =D43-C43 -> -5
A44: 2 | B44: 76 | C44: 151 | D44: 158 | E44: 246 | F44: =D44-C44 -> 7
A45: 2 | B45: 39 | C45: 141 | D45: 135 | E45: 212 | F45: =D45-C45 -> -6
A46: 2 | B46: 41 | C46: 118 | D46: 130 | E46: 170 | F46: =D46-C46 -> 12
A47: 2 | B47: 54 | C47: 132 | D47: 128 | E47: 195 | F47: =D47-C47 -> -4
A48: 2 | B48: 53 | C48: 136 | D48: 141 | E48: 198 | F48: =D48-C48 -> 5
A49: 2 | B49: 52 | C49: 129 | D49: 123 | E49: 210 | F49: =D49-C49 -> -6
A50: 2 | B50: 61 | C50: 140 | D50: 113 | E50: 174 | F50: =D50-C50 -> -27
A51: 2 | B51: 66 | C51: 125 | D51: 124 | E51: 256 | F51: =D51-C51 -> -1
A52: 2 | B52: 49 | C52: 138 | D52: 139 | E52: 214 | F52: =D52-C52 -> 1
A53: 2 | B53: 50 | C53: 129 | D53: 118 | E53: 198 | F53: =D53-C53 -> -11
... A101: 2 | B101: 46 | C101: 120 | D101: 116 | E101: 214 | F101: =D101-C101 -> -4

Sheet Ejercicio 1
A1: 1a) Medidas de centralización y dispersion por grupos | E1: 1c) Cuartiles, rango intercuartílico y detección de valores atípicos
A2: Médidas | B2: Grupo 1 | C2: Grupo 2 | E2: Estadístico | F2: Antes | G2: Después
A3: Media | B3: =AVERAGE(Datos!C2:C41) -> 123.425 | C3: =AVERAGE(Datos!C42:C101) -> 127.48333 | E3: Q1 | F3: =_xlfn.QUARTILE.INC(Datos!C2:C101,1) -> 118 | G3: =_xlfn.QUARTILE.INC(Datos!D2:D101,1) -> 115
A4: Mediana | B4: =MEDIAN(Datos!C2:C41) -> 124.5 | C4: =MEDIAN(Datos!C42:C101) -> 126 | E4: Q2 | F4: =_xlfn.QUARTILE.INC(Datos!C2:C101,2) -> 125 | G4: =_xlfn.QUARTILE.INC(Datos!D2:D101,2) -> 120 | P4: Bins | R4: Bin | S4: Frequency
A5: Moda | B5: =_xlfn.MODE.SNGL(Datos!C2:C41) -> 131 | C5: =_xlfn.MODE.SNGL(Datos!C42:C101) -> 121 | E5: Q3 | F5: =_xlfn.QUARTILE.INC(Datos!C2:C101,3) -> 135 | G5: =_xlfn.QUARTILE.INC(Datos!D2:D101,3) -> 131.25 | P5: 90 | R5: 90 | S5: 0
A6: Desviación típica | B6: =_xlfn.STDEV.S(Datos!C2:C41) -> 9.0267054 | C6: =_xlfn.STDEV.S(Datos!C42:C101) -> 13.888773 | E6: IQR | F6: =F5-F3 -> 17 | G6: =G5-G3 -> 16.25 | P6: 100 | R6: 100 | S6: 2
A7: Varianza | B7: =_xlfn.VAR.S(Datos!C2:C41) -> 81.48141 | C7: =_xlfn.VAR.S(Datos!C42:C101) -> 192.89802 | E7: Límite inferior | F7: =F3-1.5*F6 -> 92.5 | G7: =G3-1.5*G6 -> 90.625 | P7: 110 | R7: 110 | S7: 11
A8: Mínimo | B8: =MIN(Datos!C2:C41) -> 105 | C8: =MIN(Datos!C42:C101) -> 96 | E8: Límite superior | F8: =F5+1.5*F6 -> 160.5 | G8: =G5+1.5*G6 -> 155.625 | P8: 120 | R8: 120 | S8: 17
A9: Máximo | B9: =MAX(Datos!C2:C41) -> 142 | C9: =MAX(Datos!C42:C101) -> 154 | E9: Nº de valores atípicos | F9: =COUNTIF(Datos!C2:C101,"<"&F7)+COUNTIF(Datos!C2:C101,">"&F8) -> 0 | G9: =COUNTIF(Datos!D2:D101,"<"&G7)+COUNTIF(Datos!D2:D101,">"&G8) -> 5 | P9: 130 | R9: 130 | S9: 37
A10: Rango | B10: =B9-B8 -> 37 | C10: =C9-C8 -> 58 | E10: Valores atípicos (mmHg) | F10: Ninguno | G10: 77, 83, 90, 158, 161 | P10: 140 | R10: 140 | S10: 21
A11: Coeficiente de variación (%) | B11: =B6/B3*100 -> 7.3135146 | C11: =C6/C3*100 -> 10.89458 | P11: 150 | R11: 150 | S11: 9
A12: 1b) Simetría y Curtosis | P12: 160 | R12: 160 | S12: 3
A13: Estadístico | B13: Antes (Grupo 2) | C13: Después (Grupo 2) | R13: More | S13: 0
A14: Simetría | B14: =SKEW(Datos!C42:C101) -> -0.13659909 | C14: =SKEW(Datos!D42:D101) -> -0.19377625
A15: Curtosis | B15: =KURT(Datos!C42:C101) -> -0.60205629 | C15: =KURT(Datos!D42:D101) -> 0.36918847
R17: Bin | S17: Frequency
R18: 90 | S18: 3
R19: 100 | S19: 2
R20: 110 | S20: 17
R21: 120 | S21: 29
R22: 130 | S22: 22
R23: 140 | S23: 18
R24: 150 | S24: 4
R25: 160 | S25: 4
R26: More | S26: 1

Sheet Ejercicio 2
A2: 2a) Relación linear entre el colesterol total y la presión sistólica despues del medicamento | C2: 2b) Modelo lineal (grupo 1) | F2: 2c) SUMMARY OUTPUT
A3: =CORREL(Datos!E2:E41, Datos!D2:D41) -> 0.74846557 | C3: Estadístico | D3: Valor
C4: Slope | D4: =SLOPE(Datos!D2:D41, Datos!E2:E41) -> 0.59870338 | F4: Regression Statistics
C5: Intercept | D5: =INTERCEPT(Datos!D2:D41, Datos!E2:E41) -> 7.7778238 | F5: Multiple R | G5: 0.74846557
C6: Prediction for x=105 | D6: =_xlfn.FORECAST.LINEAR(105, Datos!D2:D41, Datos!E2:E41) -> 70.641679 | F6: R Square | G6: 0.56020071
A7: 2d) Variacion de presión sistolica de un paciente con el colesterol aumentado 5mg/Dl | C7: Prediction for x=190 (dentro del rango 164–214) | D7: =_xlfn.FORECAST.LINEAR(190, Datos!D2:D41, Datos!E2:E41) -> 121.53147 | F7: Adjusted R Square | G7: 0.54862704
A8: =D4*5 -> 2.9935169 | F8: Standard Error | G8: 6.2707803
F9: Observations | G9: 40
F11: ANOVA
G12: df | H12: SS | I12: MS | J12: F | K12: Significance F
F13: Regression | G13: 1 | H13: 1903.3379 | I13: 1903.3379 | J13: 48.40305 | K13: 2.8099288e-08
F14: Residual | G14: 38 | H14: 1494.2621 | I14: 39.322686
F15: Total | G15: 39 | H15: 3397.6
G17: Coefficients | H17: Standard Error | I17: t Stat | J17: P-value | K17: Lower 95% | L17: Upper 95% | M17: Lower 95.0% | N17: Upper 95.0%
F18: Intercept | G18: 7.7778238 | H18: 16.146393 | I18: 0.48170658 | J18: 0.63277711 | K18: -24.90884 | L18: 40.464488 | M18: -24.90884 | N18: 40.464488
F19: X Variable 1 | G19: 0.59870338 | H19: 0.08605485 | I19: 6.95723 | J19: 2.8099288e-08 | K19: 0.42449445 | L19: 0.77291232 | M19: 0.42449445 | N19: 0.77291232
F23: RESIDUAL OUTPUT
F25: Observation | G25: Predicted Y | H25: Residuals
F26: 1 | G26: 122.13017 | H26: -4.1301701
F27: 2 | G27: 116.14314 | H27: -6.1431363
F28: 3 | G28: 112.55092 | H28: -2.550916
F29: 4 | G29: 111.35351 | H29: -6.3535092
F30: 5 | G30: 127.5185 | H30: 4.4814994
F31: 6 | G31: 111.95221 | H31: -1.9522126
F32: 7 | G32: 118.53795 | H32: -3.5379498
F33: 8 | G33: 120.33406 | H33: -10.33406
F34: 9 | G34: 121.53147 | H34: 0.46853328
F35: 10 | G35: 122.72887 | H35: -2.7288735
F36: 11 | G36: 121.53147 | H36: 3.4685333
F37: 12 | G37: 128.71591 | H37: -0.71590733
... F65: 40 | G65: 115.54443 | H65: 0.45556712

Sheet Ejercicio 3
A2: 3a) IC y contraste para la media antes, adultos (Grupo 2) | D2: 3c) Proporción con presión sistólica inicial ≥ 130mmHg y contraste p = 0.30
A3: Estadístico | B3: Valor | D3: Estadístico | E3: Valor
A4: Media muestral | B4: =AVERAGE(Datos!C42:C101) -> 127.48333 | D4: Número de individuas con ≥ 130 | E4: =COUNTIF(Datos!C2:C101, ">=130") -> 35
A5: Desviación típica | B5: =_xlfn.STDEV.S(Datos!C42:C101) -> 13.888773 | D5: Tamaño muestral total | E5: =COUNT(Datos!C2:C101) -> 100
A6: Tamaño muestral | B6: =COUNT(Datos!C42:C101) -> 60 | D6: Proporción muestral | E6: =E4/E5 -> 0.35
A7: Error estándar | B7: =B5/SQRT(B6) -> 1.7930329 | D7: Error estándar | E7: =SQRT(E6*(1-E6)/E5) -> 0.04769696
A8: t crítico 95% | B8: =_xlfn.T.INV.2T(0.05,B6-1) -> 2.0009954 | D8: Valor z 99% | E8: =_xlfn.NORM.S.INV(1-0.01/2) -> 2.5758293
A9: Límite inferior 95% | B9: =B4-B8*B7 -> 123.89548 | D9: Límite inferior 99% | E9: =E6-E8*E7 -> 0.22714077
A10: Límite superior 95% | B10: =B4+B8*B7 -> 131.07118 | D10: Límite superior 99% | E10: =E6+E8*E7 -> 0.47285923
A11: t crítico 99% | B11: =_xlfn.T.INV.2T(0.01, B6-1) -> 2.6617588 | D11: Hipótesis nula (H0) | E11: 0.3
A12: Límite inferior 99% | B12: =B4-B11*B7 -> 122.71071 | D12: Error estándar hipótesis | E12: =SQRT(0.3*0.7/E5) -> 0.045825757
A13: Límite superior 99% | B13: =B4+B11*B7 -> 132.25595 | D13: Estadístico z para contraste | E13: =(E6-0.3)/E12 -> 1.0910895
D14: p-valor | E14: =2*(1-_xlfn.NORM.S.DIST(ABS(E13), TRUE)) -> 0.27523352
A15: 3b) IC para diferencia de medias después entre adultos (Grupo 2) y jóvenes (Grupo 1)
A16: Estadístico | B16: Valor | D16: 3d) (Voluntario) Eficacia del medicamento en adultos (Grupo 2)
A17: Media jóvenes | B17: =AVERAGE(Datos!D2:D41) -> 119.9 | D17: Estadístico | E17: Valor
A18: Desviación típica jóvenes | B18: =_xlfn.STDEV.S(Datos!D2:D41) -> 9.3336996 | D18: Media de diferencias | E18: =AVERAGE(Datos!F42:F101) -> -4.0333333
A19: Tamaño muestral jóvenes | B19: =COUNT(Datos!D2:D41) -> 40 | D19: Desviación típica de diferencias | E19: =_xlfn.STDEV.S(Datos!F42:F101) -> 8.2564134
A20: Media adultos | B20: =AVERAGE(Datos!D42:D101) -> 123.45 | D20: Tamaño muestral | E20: =COUNT(Datos!F42:F101) -> 60
A21: Desviación típica adultos | B21: =_xlfn.STDEV.S(Datos!D42:D101) -> 17.395134 | D21: Error estándar | E21: =E19/SQRT(E20) -> 1.0658984
A22: Tamaño muestral adultos | B22: =COUNT(Datos!D42:D101) -> 60 | D22: Estadístico t | E22: =E18/E21 -> -3.7839755
A23: Diferencia de medias | B23: =B20-B17 -> 3.55 | D23: p-valor | E23: =_xlfn.T.DIST.2T(ABS(E22), E20-1) -> 0.00036311775
A24: Error estándar | B24: =SQRT((B21^2)/B22 + (B18^2)/B19) -> 2.6872154
A25: Grados de libertad | B25: =MIN(B22-1, B19-1) -> 39
A26: Valor t | B26: =_xlfn.T.INV.2T(0.05, B25) -> 2.0226909
A27: Límite inferior 95% | B27: =B23-B26*B24 -> -1.8854062
A28: Límite superior 95% | B28: =B23+B26*B24 -> 8.9854062
